id,imdb_id,name_eng,rating,rating_date,release_year,link
1,,District 9,10,2009-09-09,2009,https://www.kinopoisk.ru/film/397494/
2,,X-Men Origins: Wolverine,9,2009-09-09,2009,https://www.kinopoisk.ru/film/104904/
3,,Up,10,2009-09-09,2009,https://www.kinopoisk.ru/film/325381/
4,,Coraline,8,2009-09-09,2008,https://www.kinopoisk.ru/film/49166/
5,,Star Trek,9,2009-09-09,2009,https://www.kinopoisk.ru/film/255129/
6,,Knowing,9,2009-09-09,2009,https://www.kinopoisk.ru/film/102510/
7,,Election Day,8,2009-09-09,2007,https://www.kinopoisk.ru/film/309408/
8,,The Pink Panther 2,8,2009-09-09,2009,https://www.kinopoisk.ru/film/259475/
9,,Yes Man,9,2009-09-09,2008,https://www.kinopoisk.ru/film/391772/
10,,WALL·E,10,2009-09-09,2008,https://www.kinopoisk.ru/film/279102/
11,,Flushed Away,6,2009-09-09,2006,https://www.kinopoisk.ru/film/83792/
12,,Shrek,8,2009-09-09,2001,https://www.kinopoisk.ru/film/430/
13,,Shrek 2,9,2009-09-09,2004,https://www.kinopoisk.ru/film/5273/
14,,Kung Fu Panda,9,2009-09-09,2008,https://www.kinopoisk.ru/film/103734/
15,,The Incredibles,7,2009-09-09,2004,https://www.kinopoisk.ru/film/38903/
16,,Scary Movie,2,2009-09-09,2000,https://www.kinopoisk.ru/film/5932/
17,,Kill Bill: Vol. 1,9,2009-09-09,2003,https://www.kinopoisk.ru/film/2717/
18,,Kill Bill: Vol. 2,9,2009-09-09,2004,https://www.kinopoisk.ru/film/47015/
19,,Harry Potter and the Half-Blood Prince,8,2009-09-09,2009,https://www.kinopoisk.ru/film/89515/
20,,Forrest Gump,9,2009-09-09,1994,https://www.kinopoisk.ru/film/448/
21,,Slumdog Millionaire,10,2009-09-09,2008,https://www.kinopoisk.ru/film/413362/
22,,Gamer,8,2009-09-13,2009,https://www.kinopoisk.ru/film/325393/
23,,Crank,7,2009-09-13,2006,https://www.kinopoisk.ru/film/180609/
24,,Surrogates,6,2009-09-26,2009,https://www.kinopoisk.ru/film/397671/
25,,Transformers: Revenge of the Fallen,10,2009-10-02,2009,https://www.kinopoisk.ru/film/373391/
26,,Zombieland,10,2009-10-10,2009,https://www.kinopoisk.ru/film/427122/
27,,Cloudy with a Chance of Meatballs,9,2009-10-25,2009,https://www.kinopoisk.ru/film/276363/
28,,Liar Liar,9,2009-10-26,1997,https://www.kinopoisk.ru/film/1721/
29,,Bruce Almighty,8,2009-10-26,2003,https://www.kinopoisk.ru/film/39577/
30,,Click,9,2009-10-26,2006,https://www.kinopoisk.ru/film/77576/
31,,Evan Almighty,9,2009-10-26,2007,https://www.kinopoisk.ru/film/103791/
32,,The Dark Knight,10,2009-11-07,2008,https://www.kinopoisk.ru/film/111543/
33,,2012,10,2009-11-14,2009,https://www.kinopoisk.ru/film/413447/
34,,Ninja Assassin,9,2009-12-06,2009,https://www.kinopoisk.ru/film/406353/
35,,The Final Destination,9,2009-12-13,2009,https://www.kinopoisk.ru/film/405753/
36,,Horsemen,6,2009-12-18,2008,https://www.kinopoisk.ru/film/271835/
37,,Avatar,10,2009-12-20,2009,https://www.kinopoisk.ru/film/251733/
38,,Pirates of the Caribbean: The Curse of the Black Pearl,9,2009-12-23,2003,https://www.kinopoisk.ru/film/4374/
39,,Madagascar,8,2009-12-23,2005,https://www.kinopoisk.ru/film/6006/
40,,Van Helsing,8,2009-12-23,2004,https://www.kinopoisk.ru/film/3491/
41,,Taxi,8,2009-12-27,1998,https://www.kinopoisk.ru/film/14349/
42,,Taxi 2,8,2009-12-27,2000,https://www.kinopoisk.ru/film/854/
43,,Taxi 3,8,2009-12-27,2003,https://www.kinopoisk.ru/film/14339/
44,,Taxi 4,8,2009-12-27,2007,https://www.kinopoisk.ru/film/258478/
45,,Black Lightning,7,2009-12-28,2009,https://www.kinopoisk.ru/film/439906/
46,,Sherlock Holmes,9,2010-01-03,2009,https://www.kinopoisk.ru/film/420923/
47,,South Park: Bigger Longer &amp; Uncut,9,2010-01-10,1999,https://www.kinopoisk.ru/film/2407/
48,,Samyy luchshiy film 2,5,2010-01-24,2009,https://www.kinopoisk.ru/film/416089/
49,,Samyy luchshiy film,4,2010-01-24,2007,https://www.kinopoisk.ru/film/277385/
50,,Nasha Russia. Yaytsa sudby,7,2010-01-24,2010,https://www.kinopoisk.ru/film/416090/
51,,The Wolfman,7,2010-02-22,2010,https://www.kinopoisk.ru/film/273293/
52,,Step Up,8,2010-03-04,2006,https://www.kinopoisk.ru/film/167491/
53,,Step Up 2: The Streets,8,2010-03-04,2008,https://www.kinopoisk.ru/film/310960/
54,,Up in the Air,9,2010-03-09,2009,https://www.kinopoisk.ru/film/464130/
55,,The Men Who Stare at Goats,7,2010-03-12,2009,https://www.kinopoisk.ru/film/427170/
56,,What Men Talk About,9,2010-03-14,2010,https://www.kinopoisk.ru/film/468102/
57,,The Hurt Locker,10,2010-03-27,2008,https://www.kinopoisk.ru/film/281040/
58,,How I Ended This Summer,8,2010-04-05,2010,https://www.kinopoisk.ru/film/419453/
59,,Kick-Ass,10,2010-04-11,2010,https://www.kinopoisk.ru/film/419200/
60,,Hooked,8,2010-04-18,2009,https://www.kinopoisk.ru/film/424516/
61,,Hooked 2: Next Level,8,2010-04-18,2010,https://www.kinopoisk.ru/film/451258/
62,,Dark Planet,5,2010-04-18,2008,https://www.kinopoisk.ru/film/257774/
63,,Dark Planet: Rebellion,6,2010-04-18,2009,https://www.kinopoisk.ru/film/374715/
64,,Iron Man 2,9,2010-04-29,2010,https://www.kinopoisk.ru/film/411924/
65,,Shrek Forever After,8,2010-05-20,2010,https://www.kinopoisk.ru/film/271806/
66,,Shrek the Third,8,2010-05-20,2007,https://www.kinopoisk.ru/film/84020/
67,,0:10,10,2010-05-25,2009,""
68,,Prince of Persia: The Sands of Time,8,2010-05-28,2010,https://www.kinopoisk.ru/film/195394/
69,,Alice in Wonderland,5,2010-06-02,2010,https://www.kinopoisk.ru/film/405609/
70,,Old Dogs,7,2010-06-02,2009,https://www.kinopoisk.ru/film/281006/
71,,Toy Story 3,9,2010-06-19,2010,https://www.kinopoisk.ru/film/258328/
72,,Happy Feet,4,2010-06-25,2006,https://www.kinopoisk.ru/film/61359/
73,,Surf's Up,9,2010-06-26,2007,https://www.kinopoisk.ru/film/84485/
74,,Inception,10,2010-07-29,2010,https://www.kinopoisk.ru/film/447301/
75,,The Expendables,8,2010-08-11,2010,https://www.kinopoisk.ru/film/432550/
76,,Inglourious Basterds,10,2010-08-15,2009,https://www.kinopoisk.ru/film/9691/
77,,Machete,9,2010-09-04,2010,https://www.kinopoisk.ru/film/467553/
78,,The American,5,2010-09-05,2010,https://www.kinopoisk.ru/film/485083/
79,,The Edge,5,2010-09-24,2010,https://www.kinopoisk.ru/film/460432/
80,,Buried,10,2010-10-17,2010,https://www.kinopoisk.ru/film/470656/
81,,The Town,6,2010-10-22,2010,https://www.kinopoisk.ru/film/462732/
82,,The Social Network,7,2010-11-01,2010,https://www.kinopoisk.ru/film/427198/
83,,Fortress of War,9,2010-11-06,2010,https://www.kinopoisk.ru/film/436263/
84,,Tron,8,2010-12-28,2010,https://www.kinopoisk.ru/film/399959/
85,,The Duchess,7,2010-12-29,2008,https://www.kinopoisk.ru/film/393872/
86,,Never Back Down,9,2011-01-23,2008,https://www.kinopoisk.ru/film/311268/
87,,Super 8,9,2011-06-16,2011,https://www.kinopoisk.ru/film/517433/
88,,Chatroom,7,2011-06-17,2010,https://www.kinopoisk.ru/film/433210/
89,,Green Lantern,5,2011-06-22,2011,https://www.kinopoisk.ru/film/406294/
90,,Megamind,10,2011-06-26,2010,https://www.kinopoisk.ru/film/405608/
91,,Transformers: Dark of the Moon,7,2011-07-14,2011,https://www.kinopoisk.ru/film/452899/
92,,The Joneses,9,2011-07-14,2010,https://www.kinopoisk.ru/film/424579/
93,,G-Force,3,2011-07-29,2009,https://www.kinopoisk.ru/film/88202/
94,,Rio,9,2011-07-29,2011,https://www.kinopoisk.ru/film/465674/
95,,Requiem for a Dream,9,2011-10-09,2000,https://www.kinopoisk.ru/film/367/
96,,Real Steel,8,2011-10-09,2011,https://www.kinopoisk.ru/film/88198/
97,,Johnny English Reborn,7,2011-10-09,2011,https://www.kinopoisk.ru/film/507676/
98,,30 Minutes or Less,8,2011-10-09,2011,https://www.kinopoisk.ru/film/506133/
99,,The Three Musketeers,5,2011-10-19,2011,https://www.kinopoisk.ru/film/474752/
100,,What Else Men Talk About,8,2012-01-02,2011,https://www.kinopoisk.ru/film/502733/
101,,Enemy at the Gates,9,2012-02-26,2001,https://www.kinopoisk.ru/film/659/
102,,The Hunger Games,8,2012-03-24,2012,https://www.kinopoisk.ru/film/468581/
103,,The Avengers,9,2012-05-01,2012,https://www.kinopoisk.ru/film/263531/
104,,The Terminator,8,2012-06-10,1984,https://www.kinopoisk.ru/film/507/
105,,Terminator 2: Judgment Day,9,2012-06-10,1991,https://www.kinopoisk.ru/film/444/
106,,The Dictator,8,2012-06-13,2012,https://www.kinopoisk.ru/film/518040/
107,,The Amazing Spider-Man,6,2012-07-09,2012,https://www.kinopoisk.ru/film/278217/
108,,The Dark Knight Rises,9,2012-07-28,2012,https://www.kinopoisk.ru/film/437410/
109,,Ted,9,2012-08-02,2012,https://www.kinopoisk.ru/film/507817/
110,,Total Recall,5,2012-08-10,2012,https://www.kinopoisk.ru/film/453374/
111,,The Expendables 2,8,2012-08-25,2012,https://www.kinopoisk.ru/film/571288/
112,,Dredd,8,2012-09-29,2012,https://www.kinopoisk.ru/film/437678/
113,,The Cabin in the Woods,7,2012-09-30,2011,https://www.kinopoisk.ru/film/419209/
114,,Hit and Run,5,2012-09-30,2012,https://www.kinopoisk.ru/film/645029/
115,,Mamma Mia!,4,2012-09-30,2008,https://www.kinopoisk.ru/film/276478/
116,,Project X,8,2012-10-14,2012,https://www.kinopoisk.ru/film/507440/
117,,Taken 2,6,2012-10-20,2012,https://www.kinopoisk.ru/film/453544/
118,,Horrible Bosses,8,2012-10-21,2011,https://www.kinopoisk.ru/film/471628/
119,,21 Jump Street,9,2012-10-26,2012,https://www.kinopoisk.ru/film/413080/
120,,Skyfall,6,2012-10-28,2012,https://www.kinopoisk.ru/film/408871/
121,,Seven Psychopaths,8,2012-10-30,2012,https://www.kinopoisk.ru/film/586584/
122,,Cloud Atlas,10,2012-11-02,2012,https://www.kinopoisk.ru/film/464484/
123,,(500) Days of Summer,6,2012-11-11,2009,https://www.kinopoisk.ru/film/409372/
124,,The Twilight Saga: Breaking Dawn - Part 2,2,2012-11-17,2012,https://www.kinopoisk.ru/film/527662/
125,,Ruby Sparks,9,2012-11-18,2012,https://www.kinopoisk.ru/film/582390/
126,,Vanilla Sky,10,2012-11-26,2001,https://www.kinopoisk.ru/film/870/
127,,Premium Rush,6,2012-11-26,2012,https://www.kinopoisk.ru/film/489415/
128,,"The Irony of Fate, or Enjoy Your Bath!",8,2013-01-01,1975,https://www.kinopoisk.ru/film/77331/
129,,The Irony of Fate 2,7,2013-01-01,2007,https://www.kinopoisk.ru/film/276261/
130,,Tarif Novogodniy,8,2013-01-01,2008,https://www.kinopoisk.ru/film/406141/
131,,"Dzhentlmeny, udachi!",9,2013-01-03,2012,https://www.kinopoisk.ru/film/608706/
132,,Despicable Me,8,2013-01-12,2010,https://www.kinopoisk.ru/film/432724/
133,,Django Unchained,9,2013-01-21,2012,https://www.kinopoisk.ru/film/586397/
134,,Le Fabuleux destin d'Amélie Poulain,9,2013-02-08,2001,https://www.kinopoisk.ru/film/341/
135,,Moonrise Kingdom,8,2013-02-24,2012,https://www.kinopoisk.ru/film/571892/
136,,V for Vendetta,9,2013-03-02,2006,https://www.kinopoisk.ru/film/86208/
137,,Just Go with It,7,2013-03-04,2011,https://www.kinopoisk.ru/film/490323/
138,,Argo,5,2013-03-04,2012,https://www.kinopoisk.ru/film/462487/
139,,50 First Dates,9,2013-04-07,2004,https://www.kinopoisk.ru/film/1794/
140,,Hesher,9,2013-04-13,2010,https://www.kinopoisk.ru/film/455190/
141,,Silver Linings Playbook,9,2013-05-03,2012,https://www.kinopoisk.ru/film/462938/
142,,The Great Gatsby,9,2013-05-20,2013,https://www.kinopoisk.ru/film/463724/
143,,Brüno,8,2013-06-01,2009,https://www.kinopoisk.ru/film/271802/
144,,Lost in Translation,9,2013-06-13,2003,https://www.kinopoisk.ru/film/5930/
145,,The Iron Giant,9,2013-06-13,1999,https://www.kinopoisk.ru/film/538/
146,,It's Kind of a Funny Story,9,2013-06-14,2010,https://www.kinopoisk.ru/film/463210/
147,,Erin Brockovich,9,2013-06-15,2000,https://www.kinopoisk.ru/film/661/
148,,Metro,9,2013-06-19,2012,https://www.kinopoisk.ru/film/521689/
149,,The Curious Case of Benjamin Button,10,2013-06-21,2008,https://www.kinopoisk.ru/film/81555/
150,,Tower Heist,7,2013-06-22,2011,https://www.kinopoisk.ru/film/195223/
151,,No Strings Attached,8,2013-06-24,2010,https://www.kinopoisk.ru/film/502937/
152,,17 Again,8,2013-06-27,2009,https://www.kinopoisk.ru/film/395066/
153,,21 &amp; Over,7,2013-07-02,2013,https://www.kinopoisk.ru/film/566387/
154,,This Is the End,9,2013-07-06,2013,https://www.kinopoisk.ru/film/462514/
155,,Inadequate People,10,2013-08-07,2010,https://www.kinopoisk.ru/film/542581/
156,,Radio Day,7,2013-08-08,2008,https://www.kinopoisk.ru/film/402979/
157,,Election Day,8,2013-08-08,2009,https://www.kinopoisk.ru/film/473820/
158,,Source Code,8,2013-08-10,2011,https://www.kinopoisk.ru/film/409295/
159,,Get Smart,7,2013-08-12,2008,https://www.kinopoisk.ru/film/87178/
160,,The Money Pit,8,2013-08-14,1986,https://www.kinopoisk.ru/film/6883/
161,,Law Abiding Citizen,9,2013-08-20,2009,https://www.kinopoisk.ru/film/406408/
162,,Zakrytye prostranstva,7,2013-08-20,2008,https://www.kinopoisk.ru/film/414915/
163,,The Painted Veil,8,2013-08-20,2006,https://www.kinopoisk.ru/film/102201/
164,,Like Crazy,7,2013-08-20,2011,https://www.kinopoisk.ru/film/571337/
165,,Léon,10,2013-08-20,1994,https://www.kinopoisk.ru/film/389/
166,,The Ugly Truth,8,2013-08-22,2009,https://www.kinopoisk.ru/film/398239/
167,,The Hangover Part III,9,2013-09-02,2013,https://www.kinopoisk.ru/film/600847/
168,,Zack and Miri Make a Porno,6,2013-09-05,2008,https://www.kinopoisk.ru/film/405602/
169,,Knockin' on Heaven's Door,10,2013-09-05,1997,https://www.kinopoisk.ru/film/32898/
170,,Pineapple Express,8,2013-09-06,2008,https://www.kinopoisk.ru/film/279596/
171,,A Few Best Men,8,2013-09-06,2011,https://www.kinopoisk.ru/film/512801/
172,,The 40 Year Old Virgin,8,2013-09-16,2005,https://www.kinopoisk.ru/film/81976/
173,,Fear and Loathing in Las Vegas,4,2013-09-29,1998,https://www.kinopoisk.ru/film/4385/
174,,Harold &amp; Kumar Go to White Castle,9,2013-10-02,2004,https://www.kinopoisk.ru/film/39881/
175,,Nick and Norah's Infinite Playlist,6,2013-10-05,2008,https://www.kinopoisk.ru/film/397236/
176,,Gravity,10,2013-10-10,2013,https://www.kinopoisk.ru/film/468466/
177,,Don Jon,8,2013-10-12,2013,https://www.kinopoisk.ru/film/666731/
178,,Thor: The Dark World,7,2013-11-03,2013,https://www.kinopoisk.ru/film/595938/
179,,Youth in Revolt,8,2013-11-03,2009,https://www.kinopoisk.ru/film/197324/
180,,Machete Kills,7,2013-11-03,2013,https://www.kinopoisk.ru/film/601022/
181,,Easy A,8,2013-11-13,2010,https://www.kinopoisk.ru/film/463046/
182,,The Hunger Games: Catching Fire,8,2013-11-24,2013,https://www.kinopoisk.ru/film/602373/
183,,Snatch,9,2013-12-22,2000,https://www.kinopoisk.ru/film/526/
184,,Shutter Island,8,2013-12-26,2009,https://www.kinopoisk.ru/film/397667/
185,,Runner Runner,7,2014-01-02,2013,https://www.kinopoisk.ru/film/677880/
186,,Now You See Me,9,2014-01-03,2013,https://www.kinopoisk.ru/film/522892/
187,,The Wolf of Wall Street,9,2014-01-03,2013,https://www.kinopoisk.ru/film/462682/
188,,Jobs,6,2014-01-05,2013,https://www.kinopoisk.ru/film/677798/
189,,The Other Guys,8,2014-01-08,2010,https://www.kinopoisk.ru/film/462466/
190,,Grudge Match,9,2014-01-16,2013,https://www.kinopoisk.ru/film/543838/
191,,The Geographer Drank His Globe Away,9,2014-01-24,2013,https://www.kinopoisk.ru/film/653696/
192,,Filth,10,2014-01-25,2013,https://www.kinopoisk.ru/film/467293/
193,,About Time,8,2014-02-18,2013,https://www.kinopoisk.ru/film/662596/
194,,Bad Grandpa,8,2014-02-22,2013,https://www.kinopoisk.ru/film/780451/
195,,Her,6,2014-03-07,2013,https://www.kinopoisk.ru/film/577488/
196,,300: Rise of an Empire,8,2014-03-08,2013,https://www.kinopoisk.ru/film/418839/
197,,American Hustle,8,2014-03-09,2013,https://www.kinopoisk.ru/film/635177/
198,,Captain America: The Winter Soldier,6,2014-04-13,2014,https://www.kinopoisk.ru/film/676266/
199,,The Amazing Spider-Man 2,8,2014-04-18,2014,https://www.kinopoisk.ru/film/602409/
200,,Hannah Arendt,7,2014-04-18,2012,https://www.kinopoisk.ru/film/557690/
201,,How I Met Your Mother,9,2014-04-20,2014,https://www.kinopoisk.ru/series/401522/
202,,Captain America: The First Avenger,8,2014-04-20,2011,https://www.kinopoisk.ru/film/160946/
203,,Iron Man Three,6,2014-04-20,2013,https://www.kinopoisk.ru/film/462762/
204,,Man of Steel,7,2014-05-11,2013,https://www.kinopoisk.ru/film/252667/
205,,Godzilla,10,2014-05-16,2014,https://www.kinopoisk.ru/film/260991/
206,,X-Men: Days of Future Past,7,2014-05-27,2014,https://www.kinopoisk.ru/film/597687/
207,,Paulette,8,2014-05-27,2012,https://www.kinopoisk.ru/film/667025/
208,,Fight Club,8,2014-05-29,1999,https://www.kinopoisk.ru/film/361/
209,,Drive,7,2014-05-29,2011,https://www.kinopoisk.ru/film/276598/
210,,"Crazy, Stupid, Love.",8,2014-05-29,2011,https://www.kinopoisk.ru/film/493992/
211,,Oblivion,9,2014-06-06,2013,https://www.kinopoisk.ru/film/470185/
212,,Edge of Tomorrow,9,2014-06-06,2014,https://www.kinopoisk.ru/film/505851/
213,,The Notebook,8,2014-07-22,2004,https://www.kinopoisk.ru/film/3561/
214,,The Maze Runner,8,2014-09-20,2014,https://www.kinopoisk.ru/film/575613/
215,,Gone Girl,8,2014-10-10,2014,https://www.kinopoisk.ru/film/692861/
216,,Fury,8,2014-10-29,2014,https://www.kinopoisk.ru/film/740644/
217,,Wish I Was Here,7,2014-10-29,2014,https://www.kinopoisk.ru/film/760376/
218,,Interstellar,10,2014-11-08,2014,https://www.kinopoisk.ru/film/258687/
219,,Good Bye Lenin!,9,2014-11-10,2003,https://www.kinopoisk.ru/film/1549/
220,,The Hunger Games: Mockingjay - Part 1,6,2014-11-22,2014,https://www.kinopoisk.ru/film/661911/
221,,Der bewegte Mann,7,2014-11-26,1994,https://www.kinopoisk.ru/film/32902/
222,,Seventh Son,6,2015-01-06,2014,https://www.kinopoisk.ru/film/408396/
223,,Neighbors,6,2015-01-15,2014,https://www.kinopoisk.ru/film/602677/
224,,Exodus: Gods and Kings,5,2015-01-15,2014,https://www.kinopoisk.ru/film/484611/
225,,Leviathan,10,2015-01-18,2014,https://www.kinopoisk.ru/film/705356/
226,,The Wizard of Oz,8,2015-01-25,1939,https://www.kinopoisk.ru/film/379/
227,,Citizen Kane,8,2015-02-01,1941,https://www.kinopoisk.ru/film/331/
228,,The Third Man,8,2015-02-10,1949,https://www.kinopoisk.ru/film/359/
229,,Birdman or (The Unexpected Virtue of Ignorance),9,2015-02-14,2014,https://www.kinopoisk.ru/film/722827/
230,,The Birds,7,2015-02-24,1963,https://www.kinopoisk.ru/film/559/
231,,Kingsman: The Secret Service,8,2015-03-03,2015,https://www.kinopoisk.ru/film/749540/
232,,The Grand Budapest Hotel,8,2015-03-05,2014,https://www.kinopoisk.ru/film/683999/
233,,South Park,8,2015-03-06,1997,https://www.kinopoisk.ru/series/161252/
234,,The Interview,8,2015-03-07,2014,https://www.kinopoisk.ru/film/745743/
235,,North by Northwest,7,2015-03-17,1959,https://www.kinopoisk.ru/film/343/
236,,Rocket Singh: Salesman of the Year,8,2015-03-18,2009,https://www.kinopoisk.ru/film/489623/
237,,The Butterfly Effect,9,2015-03-24,2003,https://www.kinopoisk.ru/film/5167/
238,,Groundhog Day,9,2015-03-25,1993,https://www.kinopoisk.ru/film/527/
239,,Solaris,8,2015-03-26,1972,https://www.kinopoisk.ru/film/43911/
240,,Peeping Tom,8,2015-04-11,1960,https://www.kinopoisk.ru/film/8434/
241,,The Return,8,2015-04-13,2003,https://www.kinopoisk.ru/film/47040/
242,,Sherlock,9,2015-04-13,2017,https://www.kinopoisk.ru/series/502838/
243,,Policeiskye budni,7,2015-04-13,2012,https://www.kinopoisk.ru/series/672938/
244,,Friends,9,2015-04-13,2004,https://www.kinopoisk.ru/series/77044/
245,,Majki,7,2015-04-15,2010,https://www.kinopoisk.ru/film/504174/
246,,Thelma &amp; Louise,8,2015-04-20,1991,https://www.kinopoisk.ru/film/2614/
247,,Elena,7,2015-05-01,2011,https://www.kinopoisk.ru/film/501958/
248,,The Banishment,6,2015-05-01,2007,https://www.kinopoisk.ru/film/225011/
249,,Bloodrop 3D,5,2015-05-02,2011,""
250,,Apocrypha,7,2015-05-02,2009,""
251,,Mad Max: Fury Road,8,2015-05-17,2015,https://www.kinopoisk.ru/film/453406/
252,,Dallas Buyers Club,9,2015-05-17,2013,https://www.kinopoisk.ru/film/260162/
253,,Samba,7,2015-06-01,2014,https://www.kinopoisk.ru/film/817580/
254,,Eternal Sunshine of the Spotless Mind,9,2015-06-02,2004,https://www.kinopoisk.ru/film/5492/
255,,Brat,7,2015-06-16,1997,https://www.kinopoisk.ru/film/41519/
256,,Brat 2,9,2015-06-18,2000,https://www.kinopoisk.ru/film/41520/
257,,Dr. Horrible's Sing-Along Blog,10,2015-08-11,2008,""
258,,Jupiter Ascending,8,2015-09-08,2015,https://www.kinopoisk.ru/film/505966/
259,,Big Hero 6,7,2015-09-08,2014,https://www.kinopoisk.ru/film/693126/
260,,"Was tun, wenn's brennt?",7,2015-10-04,2001,https://www.kinopoisk.ru/film/32895/
261,,Star Wars: Episode VII - The Force Awakens,9,2015-12-22,2015,https://www.kinopoisk.ru/film/714888/
262,,Star Wars,8,2015-12-30,1977,https://www.kinopoisk.ru/film/333/
263,,Inside Out,8,2016-01-02,2015,https://www.kinopoisk.ru/film/645118/
264,,Fantastic Four,6,2016-01-06,2015,https://www.kinopoisk.ru/film/471642/
265,,The F Word,6,2016-01-13,2013,https://www.kinopoisk.ru/film/470286/
266,,The Hateful Eight,7,2016-01-16,2015,https://www.kinopoisk.ru/film/819101/
267,,The Last Witch Hunter,6,2016-01-18,2015,https://www.kinopoisk.ru/film/506066/
268,,Creed,7,2016-01-19,2015,https://www.kinopoisk.ru/film/782932/
269,,Black Mass,8,2016-01-20,2015,https://www.kinopoisk.ru/film/736205/
270,,Frank,8,2016-01-22,2013,https://www.kinopoisk.ru/film/506058/
271,,The Secret Life of Walter Mitty,9,2016-01-23,2013,https://www.kinopoisk.ru/film/6034/
272,,Little Miss Sunshine,8,2016-01-24,2006,https://www.kinopoisk.ru/film/164089/
273,,Flightplan,9,2016-01-25,2005,https://www.kinopoisk.ru/film/81873/
274,,EuroTrip,8,2016-02-06,2004,https://www.kinopoisk.ru/film/5090/
275,,Deadpool,8,2016-02-12,2016,https://www.kinopoisk.ru/film/462360/
276,,The Revenant,8,2016-03-02,2015,https://www.kinopoisk.ru/film/522941/
277,,Catch Me If You Can,8,2016-03-11,2002,https://www.kinopoisk.ru/film/324/
278,,Batman v Superman: Dawn of Justice,6,2016-03-26,2016,https://www.kinopoisk.ru/film/770631/
279,,Captain America: Civil War,8,2016-05-19,2016,https://www.kinopoisk.ru/film/822708/
280,,X-Men: Apocalypse,6,2016-05-24,2016,https://www.kinopoisk.ru/film/814016/
281,,Alice Through the Looking Glass,8,2016-06-02,2016,https://www.kinopoisk.ru/film/723988/
282,,The Big Short,7,2016-06-02,2015,https://www.kinopoisk.ru/film/501333/
283,,Pulp Fiction,8,2016-06-02,1994,https://www.kinopoisk.ru/film/342/
284,,X-Men: First Class,9,2016-06-03,2011,https://www.kinopoisk.ru/film/462358/
285,,22 Jump Street,7,2016-06-20,2014,https://www.kinopoisk.ru/film/672899/
286,,What Happens in Vegas,7,2016-06-20,2008,https://www.kinopoisk.ru/film/317889/
287,,Back to the Future,9,2016-06-21,1985,https://www.kinopoisk.ru/film/476/
288,,Back to the Future Part II,8,2016-06-22,1989,https://www.kinopoisk.ru/film/5502/
289,,End of Watch,6,2016-08-02,2012,https://www.kinopoisk.ru/film/584405/
290,,Spy,7,2016-09-02,2015,https://www.kinopoisk.ru/film/782792/
291,,Bridget Jones's Diary,7,2016-09-06,2001,https://www.kinopoisk.ru/film/621/
292,,Bridget Jones: The Edge of Reason,6,2016-09-08,2004,https://www.kinopoisk.ru/film/48173/
293,,Cloverfield,8,2016-09-14,2007,https://www.kinopoisk.ru/film/374718/
294,,Borat: Cultural Learnings of America for Make Benefit Glorious Nation of Kazakhstan,10,2016-09-14,2006,https://www.kinopoisk.ru/film/102474/
295,,The Nice Guys,7,2016-09-17,2016,https://www.kinopoisk.ru/film/841152/
296,,Now You See Me 2,6,2016-09-18,2016,https://www.kinopoisk.ru/film/786958/
297,,Sausage Party,7,2016-09-21,2016,https://www.kinopoisk.ru/film/557804/
298,,Zoolander 2,5,2016-09-23,2016,https://www.kinopoisk.ru/film/528338/
299,,Finding Dory,8,2016-10-05,2016,https://www.kinopoisk.ru/film/692957/
300,,Doctor Strange,5,2016-11-01,2016,https://www.kinopoisk.ru/film/409600/
301,,Lola rennt,8,2016-11-12,1998,https://www.kinopoisk.ru/film/413/
302,,Zhenikh,3,2016-11-18,2016,https://www.kinopoisk.ru/film/948999/
303,,War Dogs,8,2016-12-04,2016,https://www.kinopoisk.ru/film/602749/
304,,Grimsby,6,2016-12-07,2016,https://www.kinopoisk.ru/film/817481/
305,,Fack ju Göhte,8,2016-12-21,2013,https://www.kinopoisk.ru/film/771978/
306,,Türkisch für Anfänger,8,2017-01-23,2008,https://www.kinopoisk.ru/series/404939/
307,,La La Land,8,2017-02-03,2016,https://www.kinopoisk.ru/film/841081/
308,,Resident Evil: The Final Chapter,4,2017-02-22,2016,https://www.kinopoisk.ru/film/726753/
309,,Logan,9,2017-03-02,2017,https://www.kinopoisk.ru/film/807682/
310,,The Lego Batman Movie,7,2017-03-05,2017,https://www.kinopoisk.ru/film/843480/
311,,Rain Man,7,2017-03-08,1988,https://www.kinopoisk.ru/film/519/
312,,Intouchables,7,2017-03-08,2011,https://www.kinopoisk.ru/film/535341/
313,,Assassin's Creed,3,2017-03-08,2016,https://www.kinopoisk.ru/film/690615/
314,,The Student,8,2017-03-12,2016,https://www.kinopoisk.ru/film/922150/
315,,What We Do in the Shadows,9,2017-03-27,2014,https://www.kinopoisk.ru/film/818981/
316,,Fack ju Göhte 2,7,2017-04-18,2015,https://www.kinopoisk.ru/film/840154/
317,,Scott Pilgrim vs. the World,10,2017-05-03,2010,https://www.kinopoisk.ru/film/105948/
318,,Guardians of the Galaxy Vol. 2,7,2017-05-31,2017,https://www.kinopoisk.ru/film/841263/
319,,The A-Team,7,2017-05-31,2010,https://www.kinopoisk.ru/film/96452/
320,,Dunkirk,8,2017-08-07,2017,https://www.kinopoisk.ru/film/931677/
321,,Kong: Skull Island,6,2017-08-08,2017,https://www.kinopoisk.ru/film/843147/
322,,The Dark Tower,4,2017-08-13,2017,https://www.kinopoisk.ru/film/641780/
323,,Valerian and the City of a Thousand Planets,5,2017-08-14,2017,https://www.kinopoisk.ru/film/689960/
324,,Electroma,7,2017-08-23,2006,https://www.kinopoisk.ru/film/255369/
325,,Loveless,8,2017-08-23,2017,https://www.kinopoisk.ru/film/963346/
326,,Arrival,8,2017-08-31,2016,https://www.kinopoisk.ru/film/718811/
327,,The Hitman's Bodyguard,6,2017-09-01,2017,https://www.kinopoisk.ru/film/835877/
328,,Blokbaster,4,2017-09-05,2017,https://www.kinopoisk.ru/film/980838/
329,,Shaun of the Dead,7,2017-09-06,2004,https://www.kinopoisk.ru/film/64021/
330,,Stranger Things,8,2017-09-11,2024,https://www.kinopoisk.ru/series/915196/
331,,Hardcore,6,2017-09-19,2016,https://www.kinopoisk.ru/film/778218/
332,,Baby Driver,8,2017-09-26,2017,https://www.kinopoisk.ru/film/902939/
333,,Bednaya Sasha,7,2017-10-12,1997,https://www.kinopoisk.ru/film/41481/
334,,Relatos salvajes,9,2017-10-20,2014,https://www.kinopoisk.ru/film/775727/
335,,Mistaken for Strangers,8,2017-11-05,2013,https://www.kinopoisk.ru/film/743811/
336,,Watchmen,9,2017-12-30,2009,https://www.kinopoisk.ru/film/252641/
337,,The Last Warrior,6,2018-01-01,2017,https://www.kinopoisk.ru/film/976642/
338,,Strana chudes,5,2018-01-03,2015,https://www.kinopoisk.ru/film/842713/
339,,Star Wars: Episode VIII - The Last Jedi,7,2018-01-04,2017,https://www.kinopoisk.ru/film/718223/
340,,Iz Ufy s lyubovyu,4,2018-01-04,2017,https://www.kinopoisk.ru/film/1009750/
341,,The Disaster Artist,7,2018-01-14,2017,https://www.kinopoisk.ru/film/828242/
342,,Blade Runner 2049,8,2018-02-11,2017,https://www.kinopoisk.ru/film/589290/
343,,The Death of Stalin,8,2018-02-24,2017,https://www.kinopoisk.ru/film/972919/
344,,DMB,7,2018-03-05,2000,https://www.kinopoisk.ru/film/41133/
345,,Black Panther,5,2018-03-09,2018,https://www.kinopoisk.ru/film/623250/
346,,Der Himmel über Berlin,9,2018-03-10,1987,https://www.kinopoisk.ru/film/8403/
347,,"Paris, Texas",8,2018-03-18,1984,https://www.kinopoisk.ru/film/4401/
348,,Goodbye Christopher Robin,6,2018-03-31,2017,https://www.kinopoisk.ru/film/993579/
349,,BoJack Horseman,8,2018-04-01,2020,https://www.kinopoisk.ru/series/818185/
350,,Rick and Morty,8,2018-04-01,2013,https://www.kinopoisk.ru/series/685246/
351,,Search Party,9,2018-04-06,2022,https://www.kinopoisk.ru/series/1002689/
352,,Ready Player One,3,2018-04-08,2018,https://www.kinopoisk.ru/film/538225/
353,,Popstar: Never Stop Never Stopping,7,2018-04-11,2016,https://www.kinopoisk.ru/film/900813/
354,,Avengers: Age of Ultron,6,2018-04-27,2015,https://www.kinopoisk.ru/film/679830/
355,,Deadpool 2,7,2018-05-17,2018,https://www.kinopoisk.ru/film/961715/
356,,Venom,5,2018-10-03,2018,https://www.kinopoisk.ru/film/463634/
357,,Replicas,2,2018-10-27,2017,https://www.kinopoisk.ru/film/843790/
358,,Eighth Grade,7,2018-10-27,2018,https://www.kinopoisk.ru/film/1072547/
359,,Supermarsu,7,2018-10-28,2018,https://www.kinopoisk.ru/film/988951/
360,,Mandy,8,2018-11-04,2017,https://www.kinopoisk.ru/film/1078985/
361,,Suspiria,7,2018-11-04,2018,https://www.kinopoisk.ru/film/423063/
362,,Acid,6,2018-11-10,2018,https://www.kinopoisk.ru/film/1042556/
363,,Bohemian Rhapsody,3,2018-11-18,2018,https://www.kinopoisk.ru/film/568289/
364,,Johnny English Strikes Again,1,2019-01-02,2018,https://www.kinopoisk.ru/film/1045478/
365,,A Dog's Purpose,6,2019-01-03,2017,https://www.kinopoisk.ru/film/571896/
366,,Bumblebee,2,2019-01-08,2018,https://www.kinopoisk.ru/film/952241/
367,,Spider-Man: Into the Spider-Verse,7,2019-01-08,2018,https://www.kinopoisk.ru/film/920265/
368,,Green Book,5,2019-02-01,2018,https://www.kinopoisk.ru/film/1108577/
369,,The Favourite,8,2019-02-05,2018,https://www.kinopoisk.ru/film/938644/
370,,Vertigo,8,2019-04-15,1958,https://www.kinopoisk.ru/film/352/
371,,Ayka,7,2019-04-20,2018,https://www.kinopoisk.ru/film/665107/
372,,Sonnenallee,7,2019-05-28,1999,https://www.kinopoisk.ru/film/31239/
373,,Victoria,8,2019-06-03,2015,https://www.kinopoisk.ru/film/848574/
374,,Rocketman,6,2019-06-08,2019,https://www.kinopoisk.ru/film/627299/
375,,The Dead Don't Die,6,2019-06-11,2019,https://www.kinopoisk.ru/film/1171953/
376,,Spider-Man: Homecoming,4,2019-07-06,2017,https://www.kinopoisk.ru/film/690593/
377,,Dancer in the Dark,9,2019-07-20,2000,https://www.kinopoisk.ru/film/646/
378,,Once Upon a Time in... Hollywood,8,2019-08-18,2019,https://www.kinopoisk.ru/film/1047883/
379,,Vice,8,2019-09-01,2018,https://www.kinopoisk.ru/film/1044045/
380,,Fast &amp; Furious Presents: Hobbs &amp; Shaw,6,2019-09-04,2019,https://www.kinopoisk.ru/film/1044450/
381,,Leto,8,2019-10-26,2018,https://www.kinopoisk.ru/film/1009413/
382,,Joker,6,2019-11-01,2019,https://www.kinopoisk.ru/film/1048334/
383,,The Aviator,7,2019-11-18,2004,https://www.kinopoisk.ru/film/6374/
384,,Good Time,7,2019-11-26,2017,https://www.kinopoisk.ru/film/928796/
385,,Gisaengchung,7,2019-12-04,2019,https://www.kinopoisk.ru/film/1043758/
386,,The Report,7,2019-12-21,2019,https://www.kinopoisk.ru/film/1133612/
387,,Star Wars: Episode IX - The Rise of Skywalker,3,2019-12-22,2019,https://www.kinopoisk.ru/film/718222/
388,,We Need to Talk About Kevin,8,2020-01-18,2010,https://www.kinopoisk.ru/film/465543/
389,,Midsommar,7,2020-05-09,2019,https://www.kinopoisk.ru/film/1178137/
390,,The Godfather,9,2020-09-03,1972,https://www.kinopoisk.ru/film/325/
391,,The Godfather: Part II,8,2020-09-10,1974,https://www.kinopoisk.ru/film/327/
392,,Fleabag,9,2020-11-03,2019,https://www.kinopoisk.ru/series/991739/
393,,The Imitation Game,4,2020-11-03,2014,https://www.kinopoisk.ru/film/635772/
394,,Incredibles 2,5,2020-11-08,2018,https://www.kinopoisk.ru/film/839650/
395,,Enron: The Smartest Guys in the Room,7,2020-11-19,2005,https://www.kinopoisk.ru/film/93902/
396,,Bad Times at the El Royale,6,2020-11-19,2018,https://www.kinopoisk.ru/film/1047143/
397,,The World's End,8,2020-12-28,2013,https://www.kinopoisk.ru/film/410299/
398,,Hot Fuzz,7,2020-12-28,2007,https://www.kinopoisk.ru/film/93377/
399,,Son of a Rich,6,2021-01-18,2019,https://www.kinopoisk.ru/film/1183582/
400,,The Count of Monte Cristo,7,2021-02-12,2002,https://www.kinopoisk.ru/film/643/
401,,Soul,7,2021-03-03,2020,https://www.kinopoisk.ru/film/775273/
402,,Borat: Gift of Pornographic Monkey to Vice Premiere Mikhael Pence to Make Benefit Recently Diminished Nation of Kazakhstan,5,2021-03-03,2020,https://www.kinopoisk.ru/film/1421546/
403,,I.T.,6,2021-04-22,2016,https://www.kinopoisk.ru/film/738189/
404,,Ender's Game,6,2021-05-28,2013,https://www.kinopoisk.ru/film/568687/
405,,Palm Springs,6,2021-06-02,2020,https://www.kinopoisk.ru/film/1245524/
406,,Persian Lessons,7,2021-06-06,2020,https://www.kinopoisk.ru/film/1209777/
407,,Time Trap,3,2021-06-10,2017,https://www.kinopoisk.ru/film/920040/
408,,Censor,7,2021-06-17,2021,https://www.kinopoisk.ru/film/1309847/
409,,Ninjababy,5,2021-06-17,2021,https://www.kinopoisk.ru/film/4439362/
410,,Legally Blonde,6,2021-06-27,2001,https://www.kinopoisk.ru/film/735/
411,,Cruel Intentions,7,2021-06-27,1999,https://www.kinopoisk.ru/film/12192/
412,,Tucker and Dale vs Evil,7,2021-07-06,2010,https://www.kinopoisk.ru/film/485261/
413,,Margin Call,7,2021-07-09,2011,https://www.kinopoisk.ru/film/503671/
414,,Mi obra maestra,7,2021-07-18,2018,https://www.kinopoisk.ru/film/1100861/
415,,F9,5,2021-07-19,2021,https://www.kinopoisk.ru/film/964318/
416,,Rosemary's Baby,8,2021-07-25,1968,https://www.kinopoisk.ru/film/8425/
417,,Judas and the Black Messiah,6,2021-07-25,2020,https://www.kinopoisk.ru/film/1239696/
418,,Climax,9,2021-07-25,2018,https://www.kinopoisk.ru/film/1118214/
419,,De surprise,6,2021-07-25,2015,https://www.kinopoisk.ru/film/820220/
420,,The Suicide Squad,6,2021-08-06,2021,https://www.kinopoisk.ru/film/1008477/
421,,Black Widow,4,2021-08-19,2021,https://www.kinopoisk.ru/film/823956/
422,,Avengers: Infinity War,6,2021-08-19,2018,https://www.kinopoisk.ru/film/843649/
423,,Avengers: Endgame,7,2021-08-19,2019,https://www.kinopoisk.ru/film/843650/
424,,Iron Man,8,2021-08-25,2008,https://www.kinopoisk.ru/film/61237/
425,,Free Guy,6,2021-09-03,2021,https://www.kinopoisk.ru/film/1199100/
426,,Career Opportunities,4,2021-10-05,1991,https://www.kinopoisk.ru/film/13078/
427,,Casino Royale,8,2021-10-21,2006,https://www.kinopoisk.ru/film/49844/
428,,No Time to Die,6,2021-10-27,2020,https://www.kinopoisk.ru/film/706019/
429,,Donnie Darko,8,2021-11-06,2001,https://www.kinopoisk.ru/film/410/
430,,Wall Street,8,2021-11-14,1987,https://www.kinopoisk.ru/film/2742/
431,,Petrov's Flu,7,2021-11-20,2020,https://www.kinopoisk.ru/film/1263423/
432,,Red Notice,4,2021-11-21,2021,https://www.kinopoisk.ru/film/1115099/
433,,Knives Out,7,2021-12-26,2019,https://www.kinopoisk.ru/film/1188529/
434,,The Gentlemen,8,2021-12-26,2019,https://www.kinopoisk.ru/film/1143242/
435,,Spider-Man: No Way Home,7,2021-12-29,2021,https://www.kinopoisk.ru/film/1309570/
436,,Nobody,5,2022-01-07,2021,https://www.kinopoisk.ru/film/1309596/
437,,Cruella,5,2022-01-08,2021,https://www.kinopoisk.ru/film/804662/
438,,Retfærdighedens ryttere,7,2022-01-09,2020,https://www.kinopoisk.ru/film/1345158/
439,,The King's Man,6,2022-01-14,2021,https://www.kinopoisk.ru/film/1045056/
440,,Licorice Pizza,8,2022-01-16,2021,https://www.kinopoisk.ru/film/1320623/
441,,Don't Look Up,7,2022-01-16,2021,https://www.kinopoisk.ru/film/1338480/
442,,Sing 2,7,2022-01-21,2021,https://www.kinopoisk.ru/film/1009142/
443,,Eraser,7,2022-02-04,1996,https://www.kinopoisk.ru/film/6018/
444,,Toy Story,7,2022-02-12,1995,https://www.kinopoisk.ru/film/482/
445,,Skrivánci na niti,6,2022-02-18,1969,https://www.kinopoisk.ru/film/48788/
446,,The Batman,7,2022-03-06,2022,https://www.kinopoisk.ru/film/590286/
447,,Happy Death Day,6,2022-03-09,2017,https://www.kinopoisk.ru/film/1012421/
448,,Happy Death Day 2U,6,2022-03-11,2019,https://www.kinopoisk.ru/film/1121425/
449,,The Hangover,7,2022-03-11,2009,https://www.kinopoisk.ru/film/426004/
450,,The Hangover Part II,4,2022-03-11,2011,https://www.kinopoisk.ru/film/455338/
451,,Annette,7,2022-03-15,2020,https://www.kinopoisk.ru/film/1032894/
452,,No Country for Old Men,7,2022-03-19,2007,https://www.kinopoisk.ru/film/195434/
453,,Burn After Reading,7,2022-03-19,2008,https://www.kinopoisk.ru/film/309423/
454,,Get the Gringo,6,2022-03-22,2011,https://www.kinopoisk.ru/film/492171/
455,,Eternals,5,2022-03-23,2021,https://www.kinopoisk.ru/film/1198811/
456,,The Departed,7,2022-03-26,2006,https://www.kinopoisk.ru/film/81314/
457,,C'mon C'mon,7,2022-03-28,2021,https://www.kinopoisk.ru/film/1309501/
458,,Mission: Impossible,6,2022-04-04,1996,https://www.kinopoisk.ru/film/3961/
459,,Mission: Impossible III,6,2022-04-04,2006,https://www.kinopoisk.ru/film/9552/
460,,Mission: Impossible II,4,2022-04-04,2000,https://www.kinopoisk.ru/film/3447/
461,,Les parfums,5,2022-04-10,2019,https://www.kinopoisk.ru/film/1347630/
462,,Infinite,5,2022-04-10,2021,https://www.kinopoisk.ru/film/1238476/
463,,Fantastic Beasts: The Secrets of Dumbledore,6,2022-04-16,2022,https://www.kinopoisk.ru/film/843772/
464,,Compartment Number 6,10,2022-04-24,2021,https://www.kinopoisk.ru/film/1346514/
465,,Tenet,10,2022-04-24,2020,https://www.kinopoisk.ru/film/1236063/
466,,Stop-Zemlia,9,2022-04-24,2021,https://www.kinopoisk.ru/film/4381953/
467,,Tytöt tytöt tytöt,9,2022-04-24,2022,https://www.kinopoisk.ru/film/4775434/
468,,Convenience store,8,2022-04-24,2022,https://www.kinopoisk.ru/film/1311130/
469,,The Outfit,6,2022-04-24,2021,https://www.kinopoisk.ru/film/4396717/
470,,Scheme,7,2022-04-24,2021,https://www.kinopoisk.ru/film/4858914/
471,,Guo chun tian,7,2022-04-24,2018,https://www.kinopoisk.ru/film/1182370/
472,,Doctor Strange in the Multiverse of Madness,8,2022-05-05,2022,https://www.kinopoisk.ru/film/1219909/
473,,The Fate of the Furious,6,2022-05-10,2017,https://www.kinopoisk.ru/film/894027/
474,,The Dressmaker,4,2022-05-16,2015,https://www.kinopoisk.ru/film/762750/
475,,Thor: Ragnarok,6,2022-05-16,2017,https://www.kinopoisk.ru/film/822709/
476,,Top Gun: Maverick,8,2022-06-01,2022,https://www.kinopoisk.ru/film/572032/
477,,Turning Red,7,2022-06-05,2022,https://www.kinopoisk.ru/film/1238292/
478,,Mission: Impossible - Ghost Protocol,6,2022-06-06,2011,https://www.kinopoisk.ru/film/472362/
479,,Knight and Day,8,2022-06-23,2010,https://www.kinopoisk.ru/film/455188/
480,,Spiderhead,5,2022-07-10,2022,https://www.kinopoisk.ru/film/1450799/
481,,Pleasure,6,2022-07-14,2021,https://www.kinopoisk.ru/film/1163904/
482,,Thor: Love and Thunder,7,2022-07-15,2022,https://www.kinopoisk.ru/film/1282688/
483,,Harry Potter 20th Anniversary: Return to Hogwarts,3,2022-07-15,2022,https://www.kinopoisk.ru/film/4716622/
484,,Dune: Part One,9,2022-07-15,2021,https://www.kinopoisk.ru/film/409424/
485,,Spider-Man: Far from Home,6,2022-07-15,2019,https://www.kinopoisk.ru/film/1008445/
486,,Harry Potter and the Deathly Hallows: Part 1,6,2022-07-15,2010,https://www.kinopoisk.ru/film/276762/
487,,Harry Potter and the Deathly Hallows: Part 2,6,2022-07-15,2011,https://www.kinopoisk.ru/film/407636/
488,,The Lobster,7,2022-07-15,2015,https://www.kinopoisk.ru/film/819846/
489,,Due Date,6,2022-07-15,2010,https://www.kinopoisk.ru/film/464282/
490,,This Means War,6,2022-07-30,2012,https://www.kinopoisk.ru/film/497233/
491,,Nope,7,2022-08-18,2022,https://www.kinopoisk.ru/film/1447137/
492,,Notting Hill,7,2022-09-12,1999,https://www.kinopoisk.ru/film/6146/
493,,Uncharted,5,2022-09-16,2022,https://www.kinopoisk.ru/film/468373/
494,,The Proposal,6,2022-09-16,2009,https://www.kinopoisk.ru/film/321842/
495,,While You Were Sleeping,7,2022-09-25,1995,https://www.kinopoisk.ru/film/6133/
496,,Everything Everywhere All at Once,8,2022-09-29,2021,https://www.kinopoisk.ru/film/1322324/
497,,Honor Society,6,2022-10-24,2022,https://www.kinopoisk.ru/film/4824231/
498,,Black Adam,6,2022-10-30,2022,https://www.kinopoisk.ru/film/1009017/
499,,Bullet Train,4,2023-01-31,2022,https://www.kinopoisk.ru/film/1392550/
500,tt20356188,One Day in Ukraine,7,2022-11-16,2022,https://www.imdb.com/title/tt20356188/
501,tt7322224,Triangle of Sadness,7,2022-11-29,2022,https://www.imdb.com/title/tt7322224/
502,tt12593682,Bullet Train,4,2022-12-26,2022,https://www.imdb.com/title/tt12593682/
503,tt1630029,Avatar: The Way of Water,7,2023-01-28,2022,https://www.imdb.com/title/tt1630029/
504,tt11564570,Glass Onion,6,2023-01-31,2022,https://www.imdb.com/title/tt11564570/
505,tt13443470,Wednesday,8,2023-01-31,2022,https://www.imdb.com/title/tt13443470/
506,tt4995790,The Square,7,2023-01-31,2017,https://www.imdb.com/title/tt4995790/
507,tt6710474,Everything Everywhere All at Once,7,2023-01-31,2022,https://www.imdb.com/title/tt6710474/
508,tt1190634,The Boys,7,2023-02-15,2019,https://www.imdb.com/title/tt1190634/
509,tt13320622,The Lost City,6,2023-02-15,2022,https://www.imdb.com/title/tt13320622/
510,tt9114286,Black Panther: Wakanda Forever,3,2023-02-15,2022,https://www.imdb.com/title/tt9114286/
511,tt9686790,Shotgun Wedding,5,2023-02-15,2022,https://www.imdb.com/title/tt9686790/
512,tt2381249,Mission: Impossible - Rogue Nation,7,2023-02-19,2015,https://www.imdb.com/title/tt2381249/
513,tt26443107,The Adults,8,2023-02-19,2023,https://www.imdb.com/title/tt26443107/
514,tt12427090,Iron Butterflies,8,2023-02-21,2023,https://www.imdb.com/title/tt12427090/
515,tt14813150,Manodrome,5,2023-02-21,2023,https://www.imdb.com/title/tt14813150/
516,tt21817836,Hello Dankness,8,2023-02-23,2022,https://www.imdb.com/title/tt21817836/
531,tt0075314,Taxi Driver,7,2023-03-08,1976,https://www.imdb.com/title/tt0075314/
532,tt10857164,Ms. Marvel,6,2023-03-31,2022,https://www.imdb.com/title/tt10857164/
533,tt10954600,Ant-Man and the Wasp: Quantumania,4,2023-02-27,2023,https://www.imdb.com/title/tt10954600/
534,tt13560574,X,7,2023-04-03,2022,https://www.imdb.com/title/tt13560574/
535,tt14444726,Tár,7,2023-03-20,2022,https://www.imdb.com/title/tt14444726/
536,tt18925334,Pearl,7,2023-03-20,2022,https://www.imdb.com/title/tt18925334/
537,tt2442560,Peaky Blinders,7,2023-03-22,2013,https://www.imdb.com/title/tt2442560/
538,tt4912910,Mission: Impossible - Fallout,7,2023-02-26,2018,https://www.imdb.com/title/tt4912910/
